{
    "id": 101,
    "name": "Shit Car Factory",
    "location": "Mirafiori Torino, TO",
    "capacity": 5000,
    "isOperational": true,
    "employees": ["Alice", "Bob", "Charlie"],
    "contactInfo": {
      "phone": "123-456-7890",
      "email": "info@fiat.com"
    },
    "specializations": ["Hatchbacks", "SUVs", "Electric Vehicles"],
    "notes": null,
    "cars": [
      {
        "id": 1,
        "make": "Fiat",
        "model": "Punto",
        "year": 2001,
        "isElectric": false,
        "features": ["Bluetooth", "Wheel", "Need something else?"],
        "owner": {
          "name": "Stwfy",
          "address": "Street of the guy 312"
        },
        "previousOwner": null
      },
    {
      "id": 2,
      "make": "Tesla",
      "model": "Model 3",
      "year": 2022,
      "isElectric": true,
      "features": ["Autopilot", "Touchscreen Display", "Over-the-Air Updates"],
      "owner": {
        "name": "Jane Smith",
        "address": "456 Oak Avenue"
      },
      "previousOwner": null
    },
    {
      "id": 3,
      "make": "Ford",
      "model": "Mustang",
      "year": 2021,
      "isElectric": false,
      "features": ["V8 Engine", "Sports Package", "Keyless Entry"],
      "owner": {
        "name": "Michael Johnson",
        "address": "789 Maple Drive"
      },
      "previousOwner": "Samuel Green"
    },
    {
      "id": 4,
      "make": "Chevrolet",
      "model": "Bolt EV",
      "year": 2023,
      "isElectric": true,
      "features": ["Fast Charging", "Android Auto", "Apple CarPlay"],
      "owner": {
        "name": "Sarah Connor",
        "address": "321 Birch Lane"
      },
      "previousOwner": null
    },
    {
      "id": 5,
      "make": "Honda",
      "model": "Civic",
      "year": 2020,
      "isElectric": false,
      "features": ["Eco Mode", "Lane Assist", "Heated Seats"],
      "owner": {
        "name": "Emily Davis",
        "address": "654 Pine Street"
      },
      "previousOwner": "Robert White"
    }
  ]
  }
